-- Users Data
INSERT INTO users (username, password, dni, name, father_last_name, mother_last_name, birth_date, telephone, address, email, type) VALUES ("admin", "admin123", "0000000", "Admin", "Admin", "Admin", "1990-01-01", "76479009", "Av. Villazon km-5", "Admin@gmail.com", "admin");
INSERT INTO users (username, password, dni, name, father_last_name, mother_last_name, birth_date, telephone, address, email, type, created_by) VALUES ("rseveric", "secret123", "5928025", "Richard", "Severich",  "Zuares", "1994-05-26", "7008088", "Av. Blanco km-5", "Richard.Severich@gmail.com", "admin", "admin");
INSERT INTO users (username, password, dni, name, father_last_name, mother_last_name, birth_date, telephone, address, email, type, created_by) VALUES ("cluza", "pass123",  "2365874", "Cory", "Luza", "Ander", "1994-10-28", "700684700", "Av. Rojo km-10", "Cory.Luza@gmail.com", "admin", "admin");
INSERT INTO users (username, password, dni, name, father_last_name, mother_last_name, birth_date, telephone, address, email, type, created_by) VALUES ("mjacson", "secret255", "5123659", "Michael", "Jackson", "Muller", "1984-02-15", "74600788", "Av. Azul km-11", "Michael.Jackson@gmail.com", "admin", "admin");
INSERT INTO users (username, password, dni, name, father_last_name, mother_last_name, birth_date, telephone, address, email, type, created_by) VALUES ("cgarcia", "secret987", "8475651", "Charly", "Garcia", "Perez", "2000-12-13", "74555505", "Av. Cafe km-5", "Charly.Garcia@gmail.com", "admin", "admin");
INSERT INTO users (username, password, dni, name, father_last_name, mother_last_name, birth_date, telephone, address, email, type, created_by) VALUES ("mrodrigo", "secret654", "1236548", "Rodrigo", "Molina", "Sastre", "1988-11-11", "70065001", "Av. Muly km-5", "Rodrigo.Molina@gmail.com", "admin", "admin");
INSERT INTO users (username, password, dni, name, father_last_name, mother_last_name, birth_date, telephone, address, email, type, created_by) VALUES ("client", "ins123", "0000001", "client", "client", "client", "1990-01-01", "74644411", "Av. Castor", "client@gmail.com", "client", "admin");
INSERT INTO users (username, password, dni, name, father_last_name, mother_last_name, birth_date, telephone, address, email, type, created_by) VALUES ("mmorriz", "mela123", "8745698", "Rick", "Morris", "Duni", "1997-06-02", "74677884455", "Av. Pulpo", "Rick.Morris@gmail.com", "client", "admin");
INSERT INTO users (username, password, dni, name, father_last_name, mother_last_name, birth_date, telephone, address, email, type, created_by) VALUES ("rharris", "kass889", "5236567", "Rick", "Harrys", "Calvo", "1989-08-15", "746778741", "Av. Mury", "Rick.Harrys@gmail.com", "client", "admin");
INSERT INTO users (username, password, dni, name, father_last_name, mother_last_name, birth_date, telephone, address, email, type, created_by) VALUES ("aflorez", "mula777", "7896321", "Andrea", "Flores", "Rosas", "1997-07-06", "74633333", "Av. Curly", "Andrea.Flores@gmail.com", "client", "admin");
INSERT INTO users (username, password, dni, name, father_last_name, mother_last_name, birth_date, telephone, address, email, type, created_by) VALUES ("lzimpson", "cass222", "5928354", "Liza", "Simpson", "Capry", "1992-03-18", "74874444", "Av. Sheeba", "Liza.Simpson@gmail.com", "client", "admin");
INSERT INTO users (username, password, dni, name, father_last_name, mother_last_name, birth_date, telephone, address, email, type, created_by) VALUES ("iortega", "upa4848", "2136545", "Iza", "Ortega", "Mulry", "1995-05-27", "777889787", "Av. Good", "Iza.Ortega@gmail.com", "client", "admin");
INSERT INTO users (username, password, dni, name, father_last_name, mother_last_name, birth_date, telephone, address, email, type, created_by) VALUES ("esyler", "vela778", "7812653", "Emily", "Syler", "Kratos", "1996-04-03", "74622214", "Av. Bad", "Emily.Syler@gmail.com", "client", "admin");
INSERT INTO users (username, password, dni, name, father_last_name, mother_last_name, birth_date, telephone, address, email, type, created_by) VALUES ("mbros2",  "user555", "9814256","Mario", "Bros", "Curva", "1999-08-08", "74677777", "Av. Los angeles", "Mario.Bros@gmail.com", "client", "admin");
INSERT INTO users (username, password, dni, name, father_last_name, mother_last_name, birth_date, telephone, address, email, type, created_by) VALUES ("mbros1", "mela888", "6636666", "Mario", "Bros", "Start", "1998-08-08", "74699999", "Av. Cultivo", "Mario.Bros@gmail.com", "client", "admin");
INSERT INTO users (username, password, dni, name, father_last_name, mother_last_name, birth_date, telephone, address, email, type, created_by) VALUES ("mariel", "reyleon", "9825789", "Ariel", "Moppu", "Arru", "1997-02-12", "74684517", "Av. Mi pesadilla", "Ariel.Moppu@gmail.com", "client", "admin");
INSERT INTO users (username, password, dni, name, father_last_name, mother_last_name, birth_date, telephone, address, email, type, created_by) VALUES ("mreyes", "pass555", "9985501", "Manfred", "Reyes",  "Villa", "1985-12-25", "74451789", "Av. El escondite", "Manfred.Reyes@gmail.com", "client", "admin");
INSERT INTO users (username, password, dni, name, father_last_name, mother_last_name, birth_date, telephone, address, email, type, created_by) VALUES ("icruz", "mysecret", "9985502", "Igor", "Cruz", "Loro", "1987-08-28", "74684784", "Av. Gusanito", "Igor.Cruz@gmail.com", "client", "admin");
INSERT INTO users (username, password, dni, name, father_last_name, mother_last_name, birth_date, telephone, address, email, type, created_by) VALUES ("dvera", "secret", "9985503",  "Daniel", "Vera", "Serrano", "1997-03-11", "78884487", "Av. Webar", "Daniel.Vera@gmail.com", "client", "admin");
INSERT INTO users (username, password, dni, name, father_last_name, mother_last_name, birth_date, telephone, address, email, type, created_by) VALUES ("nasa", "nasa", "9985504", "Keyur", "Rpuu", "Atroculope", "1997-04-10", "75594787", "Av. Inv. Las rutas", "Keyur.Rpuu@gmail.com", "client", "admin");
INSERT INTO users (username, password, dni, name, father_last_name, mother_last_name, birth_date, telephone, address, email, type, created_by) VALUES ("micky", "secret123", "675849", "miguel", "aguilar", "paredes", "1994-10-10", "77845322", "Av. B. Galindo", "10miguel94@gmail.com", "client", "admin");

-- Resources
INSERT INTO resources (name, price_hour, created_by) VALUES ("cancha de basquet", "50", "micky");
INSERT INTO resources (name, price_hour, created_by) VALUES ("cancha de voleibol", "50", "micky");
INSERT INTO resources (name, price_hour, created_by) VALUES ("cancha de futbol", "50", "micky");
INSERT INTO resources (name, price_hour, created_by) VALUES ("cancha de futsal", "50", "micky");
INSERT INTO resources (name, price_hour, created_by) VALUES ("cancha de tenis", "50", "micky");
INSERT INTO resources (name, price_hour, created_by) VALUES ("cancha de atletismo", "50", "micky");
INSERT INTO resources (name, price_hour, created_by) VALUES ("cancha de rugby", "50", "micky");
INSERT INTO resources (name, price_hour, created_by) VALUES ("cancha de beach voley", "50", "micky");
INSERT INTO resources (name, price_hour, created_by) VALUES ("cancha de wally", "50", "micky");
INSERT INTO resources (name, price_hour, created_by) VALUES ("cancha multiple", "50", "micky");

-- Hours Intervals
INSERT INTO hours_intervals (name, created_by) VALUES ("5:00-6:00", "micky");
INSERT INTO hours_intervals (name, created_by) VALUES ("6:00-7:00", "micky");
INSERT INTO hours_intervals (name, created_by) VALUES ("7:00-8:00", "micky");
INSERT INTO hours_intervals (name, created_by) VALUES ("8:00-9:00", "micky");
INSERT INTO hours_intervals (name, created_by) VALUES ("9:00-10:00", "micky");
INSERT INTO hours_intervals (name, created_by) VALUES ("10:00-11:00", "micky");
INSERT INTO hours_intervals (name, created_by) VALUES ("11:00-12:00", "micky");
INSERT INTO hours_intervals (name, created_by) VALUES ("12:00-13:00", "micky");
INSERT INTO hours_intervals (name, created_by) VALUES ("13:00-14:00", "micky");
INSERT INTO hours_intervals (name, created_by) VALUES ("14:00-15:00", "micky");
INSERT INTO hours_intervals (name, created_by) VALUES ("15:00-16:00", "micky");
INSERT INTO hours_intervals (name, created_by) VALUES ("16:00-17:00", "micky");
INSERT INTO hours_intervals (name, created_by) VALUES ("17:00-18:00", "micky");
INSERT INTO hours_intervals (name, created_by) VALUES ("18:00-19:00", "micky");
INSERT INTO hours_intervals (name, created_by) VALUES ("19:00-20:00", "micky");
INSERT INTO hours_intervals (name, created_by) VALUES ("20:00-21:00", "micky");
INSERT INTO hours_intervals (name, created_by) VALUES ("21:00-22:00", "micky");
INSERT INTO hours_intervals (name, created_by) VALUES ("22:00-23:00", "micky");
INSERT INTO hours_intervals (name, created_by) VALUES ("23:00-00:00", "micky");
INSERT INTO hours_intervals (name, created_by) VALUES ("00:00-01:00", "micky");

-- Bookings
-- date 2021-02-11
-- BOOKING date 2021-02-11 RESOURCE (1000 = cancha de basquet) at HOUR (...)
INSERT INTO bookings (id_resource, id_hours_interval, booking_date, comments, created_by) VALUES (1000, 1000, "2021-02-11", "Reserving from Micky", "micky");
INSERT INTO bookings (id_resource, id_hours_interval, booking_date, comments, created_by) VALUES (1000, 1001, "2021-02-11", "Reserving from rseveric", "rseveric");
INSERT INTO bookings (id_resource, id_hours_interval, booking_date, comments, created_by) VALUES (1000, 1002, "2021-02-11", "Reserving from rseveric", "rseveric");
INSERT INTO bookings (id_resource, id_hours_interval, booking_date, comments, created_by) VALUES (1000, 1005, "2021-02-11", "Reserving from rseveric", "rseveric");

-- BOOKING date 2021-02-11 RESOURCE (1001 = cancha de voleibol) at HOUR (...)
INSERT INTO bookings (id_resource, id_hours_interval, booking_date, comments, created_by) VALUES (1001, 1000, "2021-02-11", "Reserving from cluza", "cluza");
INSERT INTO bookings (id_resource, id_hours_interval, booking_date, comments, created_by) VALUES (1001, 1005, "2021-02-11", "Reserving from cluza", "cluza");
INSERT INTO bookings (id_resource, id_hours_interval, booking_date, comments, created_by) VALUES (1001, 1006, "2021-02-11", "Reserving from cluza", "cluza");
INSERT INTO bookings (id_resource, id_hours_interval, booking_date, comments, created_by) VALUES (1001, 1007, "2021-02-11", "Reserving from cluza", "cluza");

-- BOOKING date 2021-02-11 RESOURCE (1002 = cancha de futbol) at HOUR (...)
INSERT INTO bookings (id_resource, id_hours_interval, booking_date, comments, created_by) VALUES (1002, 1004, "2021-02-11", "Reserving from mjacson", "mjacson");
INSERT INTO bookings (id_resource, id_hours_interval, booking_date, comments, created_by) VALUES (1002, 1005, "2021-02-11", "Reserving from cgarcia", "cgarcia");
INSERT INTO bookings (id_resource, id_hours_interval, booking_date, comments, created_by) VALUES (1002, 1006, "2021-02-11", "Reserving from mjacson", "mjacson");

-- BOOKING date 2021-02-11 RESOURCE (1003 = cancha de futsal) at HOUR (...)
INSERT INTO bookings (id_resource, id_hours_interval, booking_date, comments, created_by) VALUES (1003, 1007, "2021-02-11", "Reserving from mrodrigo", "mrodrigo");
INSERT INTO bookings (id_resource, id_hours_interval, booking_date, comments, created_by) VALUES (1003, 1008, "2021-02-11", "Reserving from mrodrigo", "mrodrigo");
INSERT INTO bookings (id_resource, id_hours_interval, booking_date, comments, created_by) VALUES (1003, 1009, "2021-02-11", "Reserving from rharris", "rharris");
INSERT INTO bookings (id_resource, id_hours_interval, booking_date, comments, created_by) VALUES (1003, 1010, "2021-02-11", "Reserving from mrodrigo", "mrodrigo");

-- BOOKING date 2021-02-11 RESOURCE (1007 = cancha de beach voley) at HOUR (...)
INSERT INTO bookings (id_resource, id_hours_interval, booking_date, comments, created_by) VALUES (1007, 1011, "2021-02-11", "Reserving from client", "client");
INSERT INTO bookings (id_resource, id_hours_interval, booking_date, comments, created_by) VALUES (1007, 1012, "2021-02-11", "Reserving from client", "client");

-- BOOKING date 2021-02-11 RESOURCE (1008 = cancha de beach voley) at HOUR (...)
INSERT INTO bookings (id_resource, id_hours_interval, booking_date, comments, created_by) VALUES (1008, 1013, "2021-02-11", "Reserving from rharris", "rharris");
INSERT INTO bookings (id_resource, id_hours_interval, booking_date, comments, created_by) VALUES (1008, 1014, "2021-02-11", "Reserving from rharris", "rharris");
INSERT INTO bookings (id_resource, id_hours_interval, booking_date, comments, created_by) VALUES (1008, 1015, "2021-02-11", "Reserving from rharris", "rharris");
INSERT INTO bookings (id_resource, id_hours_interval, booking_date, comments, created_by) VALUES (1008, 1016, "2021-02-11", "Reserving from aflorez", "aflorez");
INSERT INTO bookings (id_resource, id_hours_interval, booking_date, comments, created_by) VALUES (1008, 1017, "2021-02-11", "Reserving from Micky", "micky");
INSERT INTO bookings (id_resource, id_hours_interval, booking_date, comments, created_by) VALUES (1008, 1018, "2021-02-11", "Reserving from mbros2", "mbros2");

-- date 2021-02-12
-- BOOKING date 2021-02-12 RESOURCE (1000 = cancha de basquet) at HOUR (...)
INSERT INTO bookings (id_resource, id_hours_interval, booking_date, comments, created_by) VALUES (1000, 1000, "2021-02-12", "Reserving from dvera", "dvera");
INSERT INTO bookings (id_resource, id_hours_interval, booking_date, comments, created_by) VALUES (1000, 1001, "2021-02-12", "Reserving from dvera", "dvera");
INSERT INTO bookings (id_resource, id_hours_interval, booking_date, comments, created_by) VALUES (1000, 1002, "2021-02-12", "Reserving from Micky", "micky");

-- BOOKING date 2021-02-12 RESOURCE (1001 = cancha de voleibol) at HOUR (...)
INSERT INTO bookings (id_resource, id_hours_interval, booking_date, comments, created_by) VALUES (1001, 1003, "2021-02-12", "Reserving from dvera", "dvera");
INSERT INTO bookings (id_resource, id_hours_interval, booking_date, comments, created_by) VALUES (1001, 1004, "2021-02-12", "Reserving from Micky", "micky");
INSERT INTO bookings (id_resource, id_hours_interval, booking_date, comments, created_by) VALUES (1001, 1005, "2021-02-12", "Reserving from dvera", "dvera");

-- BOOKING date 2021-02-12 RESOURCE (1002 = cancha de futbol) at HOUR (...)
INSERT INTO bookings (id_resource, id_hours_interval, booking_date, comments, created_by) VALUES (1002, 1006, "2021-02-12", "Reserving from nasa", "nasa");
INSERT INTO bookings (id_resource, id_hours_interval, booking_date, comments, created_by) VALUES (1002, 1007, "2021-02-12", "Reserving from Micky", "micky");
INSERT INTO bookings (id_resource, id_hours_interval, booking_date, comments, created_by) VALUES (1002, 1008, "2021-02-12", "Reserving from nasa", "nasa");
INSERT INTO bookings (id_resource, id_hours_interval, booking_date, comments, created_by) VALUES (1002, 1009, "2021-02-12", "Reserving from nasa", "nasa");

-- BOOKING date 2021-02-12 RESOURCE (1003 = cancha de futsal) at HOUR (...)
INSERT INTO bookings (id_resource, id_hours_interval, booking_date, comments, created_by) VALUES (1003, 1010, "2021-02-12", "Reserving from icruz", "icruz");
INSERT INTO bookings (id_resource, id_hours_interval, booking_date, comments, created_by) VALUES (1003, 1011, "2021-02-12", "Reserving from Micky", "micky");
INSERT INTO bookings (id_resource, id_hours_interval, booking_date, comments, created_by) VALUES (1003, 1012, "2021-02-12", "Reserving from icruz", "icruz");
INSERT INTO bookings (id_resource, id_hours_interval, booking_date, comments, created_by) VALUES (1003, 1013, "2021-02-12", "Reserving from dvera", "dvera");

-- BOOKING date 2021-02-12 RESOURCE (1007 = cancha de beach voley) at HOUR (...)
INSERT INTO bookings (id_resource, id_hours_interval, booking_date, comments, created_by) VALUES (1007, 1014, "2021-02-12", "Reserving from mbros2", "mbros2");
INSERT INTO bookings (id_resource, id_hours_interval, booking_date, comments, created_by) VALUES (1007, 1015, "2021-02-12", "Reserving from mbros2", "mbros2");

-- BOOKING date 2021-02-12 RESOURCE (1008 = cancha de beach voley) at HOUR (...)
INSERT INTO bookings (id_resource, id_hours_interval, booking_date, comments, created_by) VALUES (1008, 1016, "2021-02-12", "Reserving from aflorez", "aflorez");
INSERT INTO bookings (id_resource, id_hours_interval, booking_date, comments, created_by) VALUES (1008, 1017, "2021-02-12", "Reserving from aflorez", "aflorez");
INSERT INTO bookings (id_resource, id_hours_interval, booking_date, comments, created_by) VALUES (1008, 1018, "2021-02-12", "Reserving from aflorez", "aflorez");
INSERT INTO bookings (id_resource, id_hours_interval, booking_date, comments, created_by) VALUES (1008, 1019, "2021-02-12", "Reserving from aflorez", "aflorez");
